Oba,ewbu1h
Oben,ewbu1bo1
Obuz,ewbu1wro1
Ocakcıoğlu,ewxu1efo2xu1y ewao1ly
Ocakçıoğlu,ewxu1efo2xu1y ewao1ly
Ocak,ewxu1efo2
Ocaklı,ewxu1efo2ly
Ocakoğlu,ewxu1efo2 ewao1ly
Ocaktan,ewxu1efo2dbo1
Ocan,ewxu1ebo1
Odabaşı,ewth bu1eso3y
Oder,ewdr
Od,ewd
Odhan,ewdxo1ebo1
Odkan,ewdfo2ebo1
Odkanlı,ewdfo2ebo1ly
Odman,ewdmebo1
Odyakar,ewdyefo2r
Odyak,ewdyefo2
Odyakmaz,ewdyefo2mero1
Odyakmaz,ewdyefo2mro1
Of,ewfo1
Oflas,ewfo1lero1
Oflazer,ewfo1lero1r
Oflaz,ewfo1lero1
Oganalp,ewao1ebo1 eo6lbu3
Oğanalp,ewao1ebo1 eo6lbu3
Oganer,ewao1ebo1r
Oğaner,ewao1ebo1r
Ogan,ewao1ebo1
Oğan,ewao1ebo1
Ogansoy,ewao1ebo1zwy
Oğansoy,ewao1ebo1zwy
Oğanverdi,ewao1ebo1 wyrdy
Ogeday,ewko7h dey
Oğulbalı,ewao1wl bu1ely
Oğulbaş,ewao1wl bu1eso3
Oğulbay,ewao1wl bu1ey
Oğulbey,ewao1wl bu1ko7
Oğulçak,ewao1wl xu3ek
Oğulcan,ewao1wl xu1ebo1
Oğul,ewao1wl
Ogül,ewko7l
Oğultan,ewao1wl bo2ebo1
Oğultekin,ewao1wl bo2kybo1
Oğultürk,ewao1wl bo2rk
Oğultürk,ewao1wlbo2wrk
Ogün,ewkwbo1
Oğuralp,ewao1wr eo6lbu3
Oğurata,ewao1wr eo6bo2e
Oğur,ewao1wr
Oguş,ewao1wso3
Oğuş,ewao1wso3
Oğuzalıcı,ewao1wro1eo6lyxu1y
Oğuzalp,ewao1wro1eo6lbu3
Oğuzata,ewao1wro1eo6bo2e
Oğuzbala,ewao1wro1 bu1ele
Oğuzbay,ewao1wro1bu1ey
Oğuzcan,ewao1wro1xu1ebo1
Oğuzer,ewao1wro1r
Oğuz,ewao1wro1
Oğuzhan,ewao1wro1xo1ebo1
Oğuzkan,ewao1wro1fo2ebo1
Oğuzman,ewao1wro1mebo1
Oğuztan,ewao1wro1bo2ebo1
Oğuztüzün,ewao1wro1bo2wro1wbo1
Okakın,ewfo2 eo6fo2ybo1
Okal,ewfo2 eo6l
Okanalp,ewfo2ebo1 eo6lbu3
Okanay,ewfo2ebo1ey
Okandan,ewfo2ebo1debo1
Okaner,ewfo2ebo1 eo5r
Okan,ewfo2ebo1
Okar,ewfo2er
Okatan,ewfo2ebo2ebo1
Okatar,ewfo2ebo2er
Okatay,ewfo2ebo2ey
Okat,ewfo2ebo2
Okayer,ewfo2eyr
Okay,ewfo2ey
Okaygün,ewfo2eyko7wbo1
Okbaş,ewfo2bu1eso3
Okbay,ewfo2bu1ey
Okboğa,ewfo2bu1wao1h
Okbudun,ewfo2bu1wdwbo1
Okcan,ewfo2xu1ebo1
Okcu,ewfo2xu1y
Okçu,ewfo2xu1y
Okçun,ewfo2xu3wbo1
Okçuoğlu,ewfo2xu1y ewao1ly
Okdağ,ewfo2deao1
Okdemir,ewfo2dmyr
Okergin,ewfo2 erko7ybo1
Ok,ewfo2
Okgüç,ewfo2 ko7wxu3
Okgüçlü,ewfo2 ko7wxu3lw
Okhan,ewfo2xo1ebo1
Okkan,ewfo2fo2ebo1
Okman,ewfo2mebo1
Okşak,ewfo2so3efo2
Oksaldı,ewfo2zeldy
Oksal,ewfo2sel
Oksal,ewfo2zel
Oksalmış,ewfo2zelmso3
Okşan,ewfo2so3ebo1
Okşar,ewfo2so3er
Oksar,ewfo2zer
Oksay,ewfo2zey
Okseven,ewfo2swbo1
Oksever,ewfo2swr
Oksev,ewfo2sw
Oksu,ewfo2zw
Oktan,ewfo2bo2ebo1
Oktar,ewfo2bo2er
Oktar,ewfo2der
Oktaş,ewfo2tso3
Oktay,ewfo2bo2ey
Oktuğ,ewfo2bo2wao1
Oktunç,ewfo2bo2wbo1xu3
Oktunç,ewfo2twbo1xu3
Oktüre,ewfo2bo2wrh
Oktüremiş,ewfo2bo2wrh mso3
Oktürk,ewfo2 bo2rk
Okudan,ewfo2wdbo1
Okuldaş,ewfo2wldeso3
Okumuş,ewfo2wmso3
Okumuş,ewfo2wmwso3
Okur,ewfo2wr
Okuş,ewfo2wso3
Okuşlu,ewfo2wso3lw
Okutan,ewfo2wbo2ebo1
Okuyan,ewfo2wyebo1
Okverdi,ewfo2wyrdy
Okver,ewfo2 wyr
Okyalaz,ewfo2yelero1
Okyan,ewfo2yebo1
Okyanus,ewfo2yebo1ws
Okyanusya,ewfo2bu2ebo1wsbu2e
Okyar,ewfo2yer
Okyay,ewfo2yey
Okyayuz,ewfo2yeywro1
Olcabay,ewlxu1e bu1ey
Olca,ewlxu1e
Olcan,ewlxu1ebo1
Olcay,ewlxu1ey
Olcayhan,ewlxu1ey xo1ebo1
Olcayto,ewlxu1wybo2w
Olcaytu,ewlxu1eybo2w
Olcaytuğ,ewlxu1eybo2wao1
Olcaytürk,ewlxu1ey bo2rk
Olçun,ewlxu3wbo1
Oldaç,ewldexu3
Oldağ,ewldeao1
Olgaç,ewlao1exu3
Olgunay,ewlao1wbo1 eo6y
Olguner,ewlao1wbo1 eo5r
Olgun,ewlao1wbo1
Olgunsoy,ewlao1wbo1zwy
Olgunsu,ewlao1wbo1zw
Olkıvanç,ewlfo2ywebo1xu3
Olpak,ewlbu3efo2
Olpak,ewlbu3ek
Olsan,ewlsebo1
Oltu,ewlbo2y
Oluk,ewlwfo2
Oluş,ewlwso3
Omaca,ewmexu1e
Omaç,ewmexu3
Omay,ewmey
Omurca,ewmwrxu1e
Omur,ewmwr
Omurtak,ewmwrtefo2
Onal,ewbo1el
Onan,ewbo1ebo1
Onaral,ewbo1erel
Onaral,ewko3erel
Onaran,ewbo1erebo1
Onaran,ewko3erebo1
Onar,ewbo1er
Onar,ewko3er
Onarıcı,ewbo1eryxu1y
Onarıcı,ewko3eryxu1y
Onart,ewko3erbo2
Onat,ewbo1ebo2
Onatkan,ewbo1ebo2fo2ebo1
Onatkut,ewbo1ebo2fo2wbo2
Onatsü,ewbo1ebo2sw
Onay,ewbo1ey
Onbulak,ewbo1bu1wlefo2
Oner,ewbo1r
Onerim,ewbo1rym
Ongan,ewbo1ao1ebo1
Ongay,ewbo1ao1ey
Ongu,ewbo1ao1w
Ongunalp,ewbo1ao1wbo1 eo6lbu3
Onguner,ewbo1ao1wbo1r
Ongüner,ewbo1ko7wbo1r
Ongüneş,ewbo1ko7wbo1so3
Ongun,ewbo1ao1wbo1
Ongün,ewbo1kwbo1
Ongunsu,ewbo1ao1wbo1zw
Ongur,ewbo1ao1wr
Onuğ,ewbo1wao1
Onuker,ewbo1wfo2 eo5r
Onuk,ewbo1wfo2
Onuktan,ewbo1wfo2bo2ebo1
Onuktekin,ewbo1wfo2bo2kybo1
Onul,ewbo1wl
Onultan,ewbo1wlbo2ebo1
Onurad,ewbo1wreo6d
Onural,ewbo1wreo6l
Onuralp,ewbo1wreo6lbu3
Onur,ewbo1wr
Onurhan,ewbo1wrxo1ebo1
Onurkan,ewbo1wrfo2ebo1
Onurlu,ewbo1wrlw
Onursal,ewbo1wrsel
Onursan,ewbo1wrsebo1
Onursay,ewbo1wrzey
Onurseven,ewbo1wrswbo1
Onursev,ewbo1wrsw
Onursoy,ewbo1wrzwy
Onursü,ewbo1wrsw
Onursu,ewbo1wrzw
Onut,ewbo1wbo2
Opak,ewbu3efo2
Opan,ewbu3ebo1
Opçin,ewbu3xu3ybo1
Orakay,ewrefo2ey
Orakçıoğlu,ewrefo2xu1y ewao1ly
Orak,ewrefo2
Oral,ewrel
Oralmış,ewrelmso3
Oran,ewrebo1
Oranlı,ewrebo1ly
Oray,ewrebo1
Orbay,ewrbu1ey
Orbek,ewrbu1k
Orberk,ewrbu1rfo2
Orcaner,ewrxu1ebo1r
Orcan,ewrxu1ebo1
Orçun,ewrxu3wbo1
orduca,ewrdwxu1h||
Ordu,erdw
Ordu,ewrdw
Orer,ewrr
Orgül,ewrko7l
Orgunalp,ewrao1wbo1 eo6lbu3
Orgünalp,ewrkwbo1 eo6lbu3
Orgun,ewrao1wbo1
Orgün,ewrkwbo1
Orguntay,ewrao1wbo1bo2ey
Orhaneli,ewrxo1ebo1||ebu2ly
Orhan,ewrxo1ebo1
Orhangazi,ewrxo1ebo1||ao1ero1y
Orhon,ewrxo1wbo1
Orhun,ewrxo1wbo1
Orkan,ewrfo2ebo1
Orkide,ewrkydh
Orkun,ewrfo2wbo1
Orkunt,ewrfo2wbo1bo2
Orkuş,ewrfo2wso3
Orkutay,ewrfo2wbo2ey
Orkut,ewrfo2wbo2
Orman,ewrmebo1
Ortaç,ewrbo2exu3
Ortakçıoğlu,ewrbo2efo2xu1y ewao1ly
Ortak,ewrbo2efo2
Ortanca,ewrbo2ebo1xu1h
Ortan,ewrbo2ebo1
Ortunç,ewrbo2wbo1xu3
Ortun,ewrbo2wbo1
Oruç,ewrwxu3
Oruçoğlu,ewrwxu1 ewao1ly
Oruk,ewrwfo2
Orum,ewrwm
Orun,ewrwbo1
Orus,ewrws
Oruz,ewrwro1
Oskan,ewzfo2ebo1
Oskay,ewsfo2ey
Osma,abo3me
osman,abo3mebo1
Osman,abo3mebo1
Osmancık,abo3mebo1xu1fo2
Osmaneli,abo3mebo1 ebu2ly
Osmâniye,abo3mebo1bu2h
Osmanlı,abo3mebo1lw
Osmanlı,abo3mebo1lw tbu3reao1y
Osmanlı,abo3mebo1ly
Osmanlıca,abo3mebo1lwxu1h
Osmanlılık,abo3mebo1lbu2lfo2
Osmanlı memleketi,abo3mebo1lw mmlkbo2y
Osmanlı vilâyeti,abo3mebo1lwwlebu2bo2y
Osmantan,abo3mebo1bo2ebo1
Osten,ewzdbo1
Otacı,ewbo2exu1y
Otağ,ewbo2eao1
Otakçı,ewbo2efo2xu3y
Otak,ewbo2efo2
Otaman,ewbo2h mebo1
Otamış,ewbo2emso3
Otaran,ewbo2erebo1
Otay,ewbo2ey
Otman,ewbo2mebo1
Otuk,ewbo2wfo2
Ovacık,ewwexu1fo2
Ovacık,ewwh xu1fo2
Ovalı,ewwh ly
Oyaçiçek,ewyh xu3yxu3k
Oya,ewye
Oyal,ewyel
Oyalı,ewyely
Oyalp,ewyeo6lbu3
Oyan,ewyebo1
Oybozan,ewybu1wro1ebo1
Oy,ewy
Oyhan,ewyxo1ebo1
Oykan,ewyfo2ebo1
Oykut,ewyfo2wbo2
Oylum,ewylwm
Oymak,ewymefo2
Oyman,ewymebo1
Oynağanlı,ewybo1eao1ebo1ly
Oytaç,ewybo2exu3
Oytunç,ewybo2wbo1xu3
Oytun,ewybo2wbo1
Ozanalp,ewro1ebo1eo6lbu3
Ozanay,ewro1ebo1eo6y
Ozaner,ewro1ebo1r
Ozan,ewro1ebo1
Ozansoy,ewro1ebo1zwy
Ozansü,ewro1ebo1sw
Oz,ewro1
Ozgan,ewro1ao1ebo1
