
Oba,ewbu1h,اوبه
Oben,ewbu1bo1,اوبن
Obuz,ewbu1wro1,اوبوز
Ocak,ewxu1efo2,اوجاق
Ocakcıoğlu,ewxu1efo2xu1y ewao1ly,اوجاقجی اوغلی
Ocaklı,ewxu1efo2ly,اوجاقلی
Ocakoğlu,ewxu1efo2 ewao1ly,اوجاق اوغلی
Ocaktan,ewxu1efo2dbo1,اوجاقدن
Ocakçıoğlu,ewxu1efo2xu1y ewao1ly,اوجاقجی اوغلی
Ocan,ewxu1ebo1,اوجان
Od,ewd,اود
Odabaşı,ewth bu1eso3y,اوطه باشی
Oder,ewdr,اودر
Odhan,ewdxo1ebo1,اودخان
Odkan,ewdfo2ebo1,اودقان
Odkanlı,ewdfo2ebo1ly,اودقانلی
Odman,ewdmebo1,اودمان
Odyak,ewdyefo2,اودیاق
Odyakar,ewdyefo2r,اودیاقر
Odyakmaz,ewdyefo2mero1,اودیاقماز
Odyakmaz,ewdyefo2mro1,اودیاقمز
Of,ewfo1,اوف
Oflas,ewfo1lero1,اوفلاز
Oflaz,ewfo1lero1,اوفلاز
Oflazer,ewfo1lero1r,اوفلازر
Ogan,ewao1ebo1,اوغان
Oganalp,ewao1ebo1 eo6lbu3,اوغان آلپ
Oganer,ewao1ebo1r,اوغانر
Ogansoy,ewao1ebo1zwy,اوغانصوی
Ogeday,ewko7h dey,اوگه دای
Oguş,ewao1wso3,اوغوش
Ogül,ewko7l,اوگل
Ogün,ewkwbo1,اوکون
Ok,ewfo2,اوق
Okakın,ewfo2 eo6fo2ybo1,اوق آقین
Okal,ewfo2 eo6l,اوق آل
Okan,ewfo2ebo1,اوقان
Okanalp,ewfo2ebo1 eo6lbu3,اوقان آلپ
Okanay,ewfo2ebo1ey,اوقانای
Okandan,ewfo2ebo1debo1,اوقاندان
Okaner,ewfo2ebo1 eo5r,اوقان أر
Okar,ewfo2er,اوقار
Okat,ewfo2ebo2,اوقات
Okatan,ewfo2ebo2ebo1,اوقاتان
Okatar,ewfo2ebo2er,اوقاتار
Okatay,ewfo2ebo2ey,اوقاتای
Okay,ewfo2ey,اوقای
Okayer,ewfo2eyr,اوقایر
Okaygün,ewfo2eyko7wbo1,اوقایگون
Okbay,ewfo2bu1ey,اوقبای
Okbaş,ewfo2bu1eso3,اوقباش
Okboğa,ewfo2bu1wao1h,اوقبوغه
Okbudun,ewfo2bu1wdwbo1,اوقبودون
Okcan,ewfo2xu1ebo1,اوقجان
Okcu,ewfo2xu1y,اوقجی
Okdağ,ewfo2deao1,اوقداغ
Okdemir,ewfo2dmyr,اوقدمیر
Okergin,ewfo2 erko7ybo1,اوق ارگین
Okgüç,ewfo2 ko7wxu3,اوق گوچ
Okgüçlü,ewfo2 ko7wxu3lw,اوق گوچلو
Okhan,ewfo2xo1ebo1,اوقخان
Okkan,ewfo2fo2ebo1,اوققان
Okman,ewfo2mebo1,اوقمان
Oksal,ewfo2sel,اوقسال
Oksal,ewfo2zel,اوقصال
Oksaldı,ewfo2zeldy,اوقصالدی
Oksalmış,ewfo2zelmso3,اوقصالمش
Oksar,ewfo2zer,اوقصار
Oksay,ewfo2zey,اوقصای
Oksev,ewfo2sw,اوقسو
Okseven,ewfo2swbo1,اوقسون
Oksever,ewfo2swr,اوقسور
Oksu,ewfo2zw,اوقصو
Oktan,ewfo2bo2ebo1,اوقتان
Oktar,ewfo2bo2er,اوقتار
Oktar,ewfo2der,اوقدار
Oktay,ewfo2bo2ey,اوقتای
Oktaş,ewfo2tso3,اوقطش
Oktunç,ewfo2bo2wbo1xu3,اوقتونچ
Oktunç,ewfo2twbo1xu3,اوقطونچ
Oktuğ,ewfo2bo2wao1,اوقتوغ
Oktüre,ewfo2bo2wrh,اوقتوره
Oktüremiş,ewfo2bo2wrh mso3,اوقتوره مش
Oktürk,ewfo2 bo2rk,اوق ترک
Okudan,ewfo2wdbo1,اوقودن
Okuldaş,ewfo2wldeso3,اوقولداش
Okumuş,ewfo2wmso3,اوقومش
Okumuş,ewfo2wmwso3,اوقوموش
Okur,ewfo2wr,اوقور
Okutan,ewfo2wbo2ebo1,اوقوتان
Okuyan,ewfo2wyebo1,اوقویان
Okuş,ewfo2wso3,اوقوش
Okuşlu,ewfo2wso3lw,اوقوشلو
Okver,ewfo2 wyr,اوق ویر
Okverdi,ewfo2wyrdy,اوقویردی
Okyalaz,ewfo2yelero1,اوقیالاز
Okyan,ewfo2yebo1,اوقیان
Okyanus,ewfo2yebo1ws,اوقیانوس
Okyanusya,ewfo2bu2ebo1wsbu2e,اوقيانوسيا
Okyar,ewfo2yer,اوقیار
Okyay,ewfo2yey,اوقیای
Okyayuz,ewfo2yeywro1,اوقیایوز
Okçu,ewfo2xu1y,اوقجی
Okçun,ewfo2xu3wbo1,اوقچون
Okçuoğlu,ewfo2xu1y ewao1ly,اوقجی اوغلی
Okşak,ewfo2so3efo2,اوقشاق
Okşan,ewfo2so3ebo1,اوقشان
Okşar,ewfo2so3er,اوقشار
Olca,ewlxu1e,اولجا
Olcabay,ewlxu1e bu1ey,اولجا بای
Olcan,ewlxu1ebo1,اولجان
Olcay,ewlxu1ey,اولجای
Olcayhan,ewlxu1ey xo1ebo1,اولجای خان
Olcayto,ewlxu1wybo2w,اولجویتو
Olcaytu,ewlxu1eybo2w,اولجایتو
Olcaytuğ,ewlxu1eybo2wao1,اولجایتوغ
Olcaytürk,ewlxu1ey bo2rk,اولجای ترک
Oldaç,ewldexu3,اولداچ
Oldağ,ewldeao1,اولداغ
Olgaç,ewlao1exu3,اولغاچ
Olgun,ewlao1wbo1,اولغون
Olgunay,ewlao1wbo1 eo6y,اولغون آی
Olguner,ewlao1wbo1 eo5r,اولغون أر
Olgunsoy,ewlao1wbo1zwy,اولغونصوی
Olgunsu,ewlao1wbo1zw,اولغونصو
Olkıvanç,ewlfo2ywebo1xu3,اولقیوانچ
Olpak,ewlbu3efo2,اولپاق
Olpak,ewlbu3ek,اولپاک
Olsan,ewlsebo1,اولسان
Oltu,ewlbo2y,اولتی
Oluk,ewlwfo2,اولوق
Oluş,ewlwso3,اولوش
Olçun,ewlxu3wbo1,اولچون
Omaca,ewmexu1e,اوماجا
Omay,ewmey,اومای
Omaç,ewmexu3,اوماچ
Omur,ewmwr,اومور
Omurca,ewmwrxu1e,اومورجا
Omurtak,ewmwrtefo2,اومورطاق
Onal,ewbo1el,اونال
Onan,ewbo1ebo1,اونان
Onar,ewbo1er,اونار
Onar,ewko3er,اوڭار
Onaral,ewbo1erel,اونارال
Onaral,ewko3erel,اوڭارال
Onaran,ewbo1erebo1,اوناران
Onaran,ewko3erebo1,اوڭاران
Onart,ewko3erbo2,اوڭارت
Onarıcı,ewbo1eryxu1y,اوناریجی
Onarıcı,ewko3eryxu1y,اوڭاریجی
Onat,ewbo1ebo2,اونات
Onatkan,ewbo1ebo2fo2ebo1,اوناتقان
Onatkut,ewbo1ebo2fo2wbo2,اوناتقوت
Onatsü,ewbo1ebo2sw,اوناتسو
Onay,ewbo1ey,اونای
Onbulak,ewbo1bu1wlefo2,اونبولاق
Oner,ewbo1r,اونر
Onerim,ewbo1rym,اونریم
Ongan,ewbo1ao1ebo1,اونغان
Ongay,ewbo1ao1ey,اونغای
Ongu,ewbo1ao1w,اونغو
Ongun,ewbo1ao1wbo1,اونغون
Ongunalp,ewbo1ao1wbo1 eo6lbu3,اونغون آلپ
Onguner,ewbo1ao1wbo1r,اونغونر
Ongunsu,ewbo1ao1wbo1zw,اونغونصو
Ongur,ewbo1ao1wr,اونغور
Ongün,ewbo1kwbo1,اونکون
Ongüner,ewbo1ko7wbo1r,اونگونر
Ongüneş,ewbo1ko7wbo1so3,اونگونش
Onuk,ewbo1wfo2,اونوق
Onuker,ewbo1wfo2 eo5r,اونوق أر
Onuktan,ewbo1wfo2bo2ebo1,اونوقتان
Onuktekin,ewbo1wfo2bo2kybo1,اونوقتکین
Onul,ewbo1wl,اونول
Onultan,ewbo1wlbo2ebo1,اونولتان
Onur,ewbo1wr,اونور
Onurad,ewbo1wreo6d,اونورآد
Onural,ewbo1wreo6l,اونورآل
Onuralp,ewbo1wreo6lbu3,اونورآلپ
Onurhan,ewbo1wrxo1ebo1,اونورخان
Onurkan,ewbo1wrfo2ebo1,اونورقان
Onurlu,ewbo1wrlw,اونورلو
Onursal,ewbo1wrsel,اونورسال
Onursan,ewbo1wrsebo1,اونورسان
Onursay,ewbo1wrzey,اونورصای
Onursev,ewbo1wrsw,اونورسو
Onurseven,ewbo1wrswbo1,اونورسون
Onursoy,ewbo1wrzwy,اونورصوی
Onursu,ewbo1wrzw,اونورصو
Onursü,ewbo1wrsw,اونورسو
Onut,ewbo1wbo2,اونوت
Onuğ,ewbo1wao1,اونوغ
Opak,ewbu3efo2,اوپاق
Opan,ewbu3ebo1,اوپان
Opçin,ewbu3xu3ybo1,اوپچین
Orak,ewrefo2,اوراق
Orakay,ewrefo2ey,اوراقای
Orakçıoğlu,ewrefo2xu1y ewao1ly,اوراقجی اوغلی
Oral,ewrel,اورال
Oralmış,ewrelmso3,اورالمش
Oran,ewrebo1,اوران
Oranlı,ewrebo1ly,اورانلی
Oray,ewrebo1,اوران
Orbay,ewrbu1ey,اوربای
Orbek,ewrbu1k,اوربک
Orberk,ewrbu1rfo2,اوربرق
Orcan,ewrxu1ebo1,اورجان
Orcaner,ewrxu1ebo1r,اورجانر
Ordu,erdw,اردو
Ordu,ewrdw,اوردو
Orer,ewrr,اورر
Orgun,ewrao1wbo1,اورغون
Orgunalp,ewrao1wbo1 eo6lbu3,اورغون آلپ
Orguntay,ewrao1wbo1bo2ey,اورغونتای
Orgül,ewrko7l,اورگل
Orgün,ewrkwbo1,اورکون
Orgünalp,ewrkwbo1 eo6lbu3,اورکون آلپ
Orhan,ewrxo1ebo1,اورخان
Orhaneli,ewrxo1ebo1||ebu2ly,اورخان‌ايلی
Orhangazi,ewrxo1ebo1||ao1ero1y,اورخان‌غازی
Orhon,ewrxo1wbo1,اورخون
Orhun,ewrxo1wbo1,اورخون
Orkan,ewrfo2ebo1,اورقان
Orkide,ewrkydh,اورکیده
Orkun,ewrfo2wbo1,اورقون
Orkunt,ewrfo2wbo1bo2,اورقونت
Orkut,ewrfo2wbo2,اورقوت
Orkutay,ewrfo2wbo2ey,اورقوتای
Orkuş,ewrfo2wso3,اورقوش
Orman,ewrmebo1,اورمان
Ortak,ewrbo2efo2,اورتاق
Ortakçıoğlu,ewrbo2efo2xu1y ewao1ly,اورتاقجی اوغلی
Ortan,ewrbo2ebo1,اورتان
Ortanca,ewrbo2ebo1xu1h,اورتانجه
Ortaç,ewrbo2exu3,اورتاچ
Ortun,ewrbo2wbo1,اورتون
Ortunç,ewrbo2wbo1xu3,اورتونچ
Oruk,ewrwfo2,اوروق
Orum,ewrwm,اوروم
Orun,ewrwbo1,اورون
Orus,ewrws,اوروس
Oruz,ewrwro1,اوروز
Oruç,ewrwxu3,اوروچ
Oruçoğlu,ewrwxu1 ewao1ly,اوروج اوغلی
Orçun,ewrxu3wbo1,اورچون
Oskan,ewzfo2ebo1,اوصقان
Oskay,ewsfo2ey,اوسقای
Osma,abo3me,عثما
Osman,abo3mebo1,عثمان
Osmancık,abo3mebo1xu1fo2,عثمانجق
Osmaneli,abo3mebo1 ebu2ly,عثمان ايلی
Osmanlı memleketi,abo3mebo1lw mmlkbo2y,عثمانلو مملکتی
Osmanlı vilâyeti,abo3mebo1lwwlebu2bo2y,عثمانلوولايتی
Osmanlı,abo3mebo1lw tbu3reao1y,عثمانلو طپراغی
Osmanlı,abo3mebo1lw,عثمانلو
Osmanlı,abo3mebo1ly,عثمانلی
Osmanlıca,abo3mebo1lwxu1h,عثمانلوجه
Osmanlılık,abo3mebo1lbu2lfo2,عثمانليلق
Osmantan,abo3mebo1bo2ebo1,عثمانتان
Osmâniye,abo3mebo1bu2h,عثمانيه
Osten,ewzdbo1,اوصدن
Otacı,ewbo2exu1y,اوتاجی
Otak,ewbo2efo2,اوتاق
Otakçı,ewbo2efo2xu3y,اوتاقچی
Otaman,ewbo2h mebo1,اوته مان
Otamış,ewbo2emso3,اوتامش
Otaran,ewbo2erebo1,اوتاران
Otay,ewbo2ey,اوتای
Otağ,ewbo2eao1,اوتاغ
Otman,ewbo2mebo1,اوتمان
Otuk,ewbo2wfo2,اوتوق
Ovacık,ewwexu1fo2,اوواجق
Ovacık,ewwh xu1fo2,اووه جق
Ovalı,ewwh ly,اووه لی
Oy,ewy,اوی
Oya,ewye,اویا
Oyal,ewyel,اویال
Oyalp,ewyeo6lbu3,اویآلپ
Oyalı,ewyely,اویالی
Oyan,ewyebo1,اویان
Oyaçiçek,ewyh xu3yxu3k,اویه چیچک
Oybozan,ewybu1wro1ebo1,اویبوزان
Oyhan,ewyxo1ebo1,اویخان
Oykan,ewyfo2ebo1,اویقان
Oykut,ewyfo2wbo2,اویقوت
Oylum,ewylwm,اویلوم
Oymak,ewymefo2,اویماق
Oyman,ewymebo1,اویمان
Oynağanlı,ewybo1eao1ebo1ly,اویناغانلی
Oytaç,ewybo2exu3,اویتاچ
Oytun,ewybo2wbo1,اویتون
Oytunç,ewybo2wbo1xu3,اویتونچ
Oz,ewro1,اوز
Ozan,ewro1ebo1,اوزان
Ozanalp,ewro1ebo1eo6lbu3,اوزانآلپ
Ozanay,ewro1ebo1eo6y,اوزانآی
Ozaner,ewro1ebo1r,اوزانر
Ozansoy,ewro1ebo1zwy,اوزانصوی
Ozansü,ewro1ebo1sw,اوزانسو
Ozgan,ewro1ao1ebo1,اوزغان
Oğan,ewao1ebo1,اوغان
Oğanalp,ewao1ebo1 eo6lbu3,اوغان آلپ
Oğaner,ewao1ebo1r,اوغانر
Oğansoy,ewao1ebo1zwy,اوغانصوی
Oğanverdi,ewao1ebo1 wyrdy,اوغان ویردی
Oğul,ewao1wl,اوغول
Oğulbalı,ewao1wl bu1ely,اوغول بالی
Oğulbay,ewao1wl bu1ey,اوغول بای
Oğulbaş,ewao1wl bu1eso3,اوغول باش
Oğulbey,ewao1wl bu1ko7,اوغول بگ
Oğulcan,ewao1wl xu1ebo1,اوغول جان
Oğultan,ewao1wl bo2ebo1,اوغول تان
Oğultekin,ewao1wl bo2kybo1,اوغول تکین
Oğultürk,ewao1wl bo2rk,اوغول ترک
Oğultürk,ewao1wlbo2wrk,اوغولتورک
Oğulçak,ewao1wl xu3ek,اوغول چاک
Oğur,ewao1wr,اوغور
Oğuralp,ewao1wr eo6lbu3,اوغور آلپ
Oğurata,ewao1wr eo6bo2e,اوغور آتا
Oğuz,ewao1wro1,اوغوز
Oğuzalp,ewao1wro1eo6lbu3,اوغوزآلپ
Oğuzalıcı,ewao1wro1eo6lyxu1y,اوغوزآلیجی
Oğuzata,ewao1wro1eo6bo2e,اوغوزآتا
Oğuzbala,ewao1wro1 bu1ele,اوغوز بالا
Oğuzbay,ewao1wro1bu1ey,اوغوزبای
Oğuzcan,ewao1wro1xu1ebo1,اوغوزجان
Oğuzer,ewao1wro1r,اوغوزر
Oğuzhan,ewao1wro1xo1ebo1,اوغوزخان
Oğuzkan,ewao1wro1fo2ebo1,اوغوزقان
Oğuzman,ewao1wro1mebo1,اوغوزمان
Oğuztan,ewao1wro1bo2ebo1,اوغوزتان
Oğuztüzün,ewao1wro1bo2wro1wbo1,اوغوزتوزون
Oğuş,ewao1wso3,اوغوش